seed,baseline_avgWait,q_avgWait,improvement_pct
1,0.0666666666666667,0.133333333333333,-100
11,0.05,0.0833333333333333,-66.6666666666667
101,0.1,0.1,0
