model,mean_reward,std_reward,avg_queue
"DQN (frozen, norm)",5594.886502916494,464.8222718879737,0.6920833333333334
"PPO (frozen, norm)",5959.003094987012,295.60921415632106,0.9445833333333333
Hybrid Twin (norm),5862.099661274534,444.6613266969249,0.7741666666666667
