model,mean_reward,std_reward,avg_queue,avg_wait_time
Baseline (k=3),-10577.438355774522,9027.855804184446,12.240694444444445,13.808125062336623
Q-Learning,5232.053635690206,419.29884247023915,0.8569444444444444,1.4668834193790583
DQN,5835.717623289815,311.0092970111153,0.7423611111111111,1.2951791153716552
PPO,5791.613813955895,477.20820460969674,0.9341666666666667,1.5377535261567683
