Scenario,AvgReward,AvgQueue,AvgWaitTime,MostCommonAction
Normal_Load,-1.7638601217629761,6.347222222222222,11.810035058340741,1
High_Rush,-216.1200738184759,180.11527777777778,78.28811059991429,5
Light_Load,-2.172877869614756,2.9930555555555554,11.955616850340647,1
