model,mean_reward,std_reward,avg_queue,actions_top
DQN,270.1964787952224,254.55368694562083,1.8286111111111112,"{6: 3931, 1: 3061, 5: 208}"
PPO,-30842.643279661734,831.5306408332845,29.132083333333334,"{1: 6590, 6: 610}"
