model,mean_reward,std_reward,avg_queue,action_distribution
DQN (frozen),-1812.5578084753943,525.7989954484298,6.542916666666667,"{1: 6295, 6: 343, 5: 362, 4: 200}"
PPO (frozen),-30031.759838735616,768.3958787227591,28.26763888888889,"{1: 6591, 6: 609}"
Hybrid Twin (α=adaptive),-2373.4189796967758,556.039293187367,7.211944444444445,"{1: 6323, 6: 397, 5: 361, 4: 119}"
