model,seed,mean_reward,std_reward
DQN,42,21.265359131268998,1.7958281023227465
DQN,77,6.1266813180909825,5.509897365200309
DQN,123,23.667328598291327,1.9140803539687805
PPO,42,24.325500876875594,1.6443783256693505
PPO,77,23.3829223784227,2.117831000287441
PPO,123,24.11673410960957,1.5975581772814003
