Scenario,AvgRewardPerStep,EpisodeReturn,AvgQueue,AvgWaitTime,MostCommonAction
Normal_Load,8.56102545816296,6163.938329877332,0.75,1.372210668425423,1
High_Rush,-105.51959723830223,-75974.1100115776,83.58611111111111,42.87517798956575,6
Light_Load,5.333611720138126,3840.2004384994507,0.44722222222222224,1.034181081094866,1
